{
    "navigationBarTitleText": "index",
    "usingComponents": {
        "i-row": "../../../static/iview/row/index",
        "i-col": "../../../static/iview/col/index",
        "i-button": "../../../static/iview/button/index",
        "i-icon": "../../../static/iview/icon/index",
        "i-input": "../../../static/iview/input/index",
        "i-toast": "../../../static/iview/toast/index",
        "i-drawer": "../../../static/iview/drawer/index",
        "i-tab": "../../../static/iview/tab/index",
        "i-tabs": "../../../static/iview/tabs/index"
    }
}
